{"cameraMode":{"drawMode":0,"name":"Shaded","section":"Shading Mode"},"sceneLighting":true,"audioPlay":false,"sceneViewState":{"m_AlwaysRefresh":false,"showFog":true,"showSkybox":true,"showFlares":true,"showImageEffects":true,"showParticleSystems":true,"showVisualEffectGraphs":true,"m_FxEnabled":true},"in2DMode":false,"pivot":{"x":10.49606704711914,"y":0.41745758056640627,"z":36.55351257324219},"rotation":{"x":-0.08091714978218079,"y":-0.08601032942533493,"z":0.0070089660584926609,"w":-0.9929782748222351},"size":27.52713966369629,"orthographic":false}